Year,Population,City
2011,12442373,Mumbai
2012,13356553,Mumbai
2013,14270734,Mumbai
2014,15184915,Mumbai
2015,16099096,Mumbai
2016,17013276,Mumbai
2017,17927457,Mumbai
2018,18841638,Mumbai
2019,19755819,Mumbai
2020,20670000,Mumbai
2021,20956000,Mumbai
2022,21242000,Mumbai
2023,21528000,Mumbai
2024,21814000,Mumbai
2025,22100000,Mumbai
2026,22202694,Mumbai
2027,22305208,Mumbai
2028,22407536,Mumbai
2029,22509672,Mumbai
2030,22611611,Mumbai
2031,22713347,Mumbai
2032,22814875,Mumbai
2033,22916188,Mumbai
2034,23017283,Mumbai
2035,23118152,Mumbai
2036,23218792,Mumbai
2037,23319196,Mumbai
2038,23419360,Mumbai
2039,23519278,Mumbai
2040,23618945,Mumbai
2041,23718356,Mumbai
2042,23817506,Mumbai
2043,23916390,Mumbai
2044,24015004,Mumbai
2045,24113342,Mumbai
2046,24211399,Mumbai
2047,24309171,Mumbai
2048,24406654,Mumbai
2049,24503843,Mumbai
2050,24600732,Mumbai
2051,24697318,Mumbai
2052,24793597,Mumbai
2053,24889563,Mumbai
2054,24985214,Mumbai
2055,25080543,Mumbai
2056,25175548,Mumbai
2057,25270225,Mumbai
2058,25364569,Mumbai
2059,25458576,Mumbai
2060,25552243,Mumbai
2061,25645565,Mumbai
2062,25738540,Mumbai
2063,25831163,Mumbai
2064,25923430,Mumbai
2065,26015339,Mumbai
2066,26106886,Mumbai
2067,26198067,Mumbai
2068,26288880,Mumbai
2069,26379320,Mumbai
2070,26469386,Mumbai
2011,11034555,Delhi
2012,12030715,Delhi
2013,13026876,Delhi
2014,14023036,Delhi
2015,15019197,Delhi
2016,16015357,Delhi
2017,17011518,Delhi
2018,18007678,Delhi
2019,19003839,Delhi
2020,20000000,Delhi
2021,20400000,Delhi
2022,20800000,Delhi
2023,21200000,Delhi
2024,21600000,Delhi
2025,22000000,Delhi
2026,22105800,Delhi
2027,22211131,Delhi
2028,22315985,Delhi
2029,22420355,Delhi
2030,22524234,Delhi
2031,22627617,Delhi
2032,22730495,Delhi
2033,22832864,Delhi
2034,22934716,Delhi
2035,23036046,Delhi
2036,23136849,Delhi
2037,23237117,Delhi
2038,23336846,Delhi
2039,23436030,Delhi
2040,23534664,Delhi
2041,23632744,Delhi
2042,23730264,Delhi
2043,23827219,Delhi
2044,23923606,Delhi
2045,24019419,Delhi
2046,24114655,Delhi
2047,24209309,Delhi
2048,24303377,Delhi
2049,24396857,Delhi
2050,24489743,Delhi
2051,24582034,Delhi
2052,24673725,Delhi
2053,24764814,Delhi
2054,24855297,Delhi
2055,24945173,Delhi
2056,25034437,Delhi
2057,25123088,Delhi
2058,25211124,Delhi
2059,25298543,Delhi
2060,25385341,Delhi
2061,25471518,Delhi
2062,25557072,Delhi
2063,25642001,Delhi
2064,25726304,Delhi
2065,25809980,Delhi
2066,25893027,Delhi
2067,25975444,Delhi
2068,26057231,Delhi
2069,26138387,Delhi
2070,26218911,Delhi
2011,8425970,Bengaluru
2012,8900862,Bengaluru
2013,9375754,Bengaluru
2014,9850646,Bengaluru
2015,10325538,Bengaluru
2016,10800431,Bengaluru
2017,11275323,Bengaluru
2018,11750215,Bengaluru
2019,12225107,Bengaluru
2020,12700000,Bengaluru
2021,13000000,Bengaluru
2022,13300000,Bengaluru
2023,13600000,Bengaluru
2024,13900000,Bengaluru
2025,14200000,Bengaluru
2026,14322497,Bengaluru
2027,14444022,Bengaluru
2028,14564551,Bengaluru
2029,14684057,Bengaluru
2030,14802516,Bengaluru
2031,14919907,Bengaluru
2032,15036207,Bengaluru
2033,15151395,Bengaluru
2034,15265452,Bengaluru
2035,15378360,Bengaluru
2036,15490100,Bengaluru
2037,15600656,Bengaluru
2038,15710014,Bengaluru
2039,15818159,Bengaluru
2040,15925078,Bengaluru
2041,16030758,Bengaluru
2042,16135189,Bengaluru
2043,16238360,Bengaluru
2044,16340263,Bengaluru
2045,16440890,Bengaluru
2046,16540233,Bengaluru
2047,16638287,Bengaluru
2048,16735046,Bengaluru
2049,16830507,Bengaluru
2050,16924665,Bengaluru
2051,17017519,Bengaluru
2052,17109067,Bengaluru
2053,17199309,Bengaluru
2054,17288245,Bengaluru
2055,17375875,Bengaluru
2056,17462201,Bengaluru
2057,17547226,Bengaluru
2058,17630954,Bengaluru
2059,17713387,Bengaluru
2060,17794531,Bengaluru
2061,17874391,Bengaluru
2062,17952973,Bengaluru
2063,18030282,Bengaluru
2064,18106328,Bengaluru
2065,18181116,Bengaluru
2066,18254655,Bengaluru
2067,18326954,Bengaluru
2068,18398021,Bengaluru
2069,18467867,Bengaluru
2070,18536501,Bengaluru
2011,4681087,Chennai
2012,5372077,Chennai
2013,6063067,Chennai
2014,6754058,Chennai
2015,7445048,Chennai
2016,8136038,Chennai
2017,8827029,Chennai
2018,9518019,Chennai
2019,10209009,Chennai
2020,10900000,Chennai
2021,11120000,Chennai
2022,11340000,Chennai
2023,11560000,Chennai
2024,11780000,Chennai
2025,12000000,Chennai
2026,12032743,Chennai
2027,12065077,Chennai
2028,12097003,Chennai
2029,12128525,Chennai
2030,12159645,Chennai
2031,12190366,Chennai
2032,12220690,Chennai
2033,12250620,Chennai
2034,12280160,Chennai
2035,12309311,Chennai
2036,12338078,Chennai
2037,12366462,Chennai
2038,12394468,Chennai
2039,12422098,Chennai
2040,12449355,Chennai
2041,12476242,Chennai
2042,12502763,Chennai
2043,12528921,Chennai
2044,12554719,Chennai
2045,12580161,Chennai
2046,12605249,Chennai
2047,12629988,Chennai
2048,12654379,Chennai
2049,12678428,Chennai
2050,12702136,Chennai
2051,12725508,Chennai
2052,12748548,Chennai
2053,12771257,Chennai
2054,12793640,Chennai
2055,12815701,Chennai
2056,12837442,Chennai
2057,12858867,Chennai
2058,12879979,Chennai
2059,12900783,Chennai
2060,12921281,Chennai
2061,12941477,Chennai
2062,12961374,Chennai
2063,12980976,Chennai
2064,13000286,Chennai
2065,13019308,Chennai
2066,13038044,Chennai
2067,13056499,Chennai
2068,13074675,Chennai
2069,13092577,Chennai
2070,13110207,Chennai
2011,6809970,Hyderabad
2012,7164417,Hyderabad
2013,7518865,Hyderabad
2014,7873313,Hyderabad
2015,8227761,Hyderabad
2016,8582208,Hyderabad
2017,8936656,Hyderabad
2018,9291104,Hyderabad
2019,9645552,Hyderabad
2020,10000000,Hyderabad
2021,10300000,Hyderabad
2022,10600000,Hyderabad
2023,10900000,Hyderabad
2024,11200000,Hyderabad
2025,11500000,Hyderabad
2026,11641615,Hyderabad
2027,11782705,Hyderabad
2028,11923218,Hyderabad
2029,12063103,Hyderabad
2030,12202309,Hyderabad
2031,12340788,Hyderabad
2032,12478490,Hyderabad
2033,12615370,Hyderabad
2034,12751381,Hyderabad
2035,12886479,Hyderabad
2036,13020620,Hyderabad
2037,13153763,Hyderabad
2038,13285867,Hyderabad
2039,13416893,Hyderabad
2040,13546803,Hyderabad
2041,13675562,Hyderabad
2042,13803135,Hyderabad
2043,13929488,Hyderabad
2044,14054591,Hyderabad
2045,14178414,Hyderabad
2046,14300928,Hyderabad
2047,14422107,Hyderabad
2048,14541925,Hyderabad
2049,14660360,Hyderabad
2050,14777390,Hyderabad
2051,14892993,Hyderabad
2052,15007153,Hyderabad
2053,15119852,Hyderabad
2054,15231073,Hyderabad
2055,15340805,Hyderabad
2056,15449033,Hyderabad
2057,15555747,Hyderabad
2058,15660939,Hyderabad
2059,15764599,Hyderabad
2060,15866721,Hyderabad
2061,15967300,Hyderabad
2062,16066333,Hyderabad
2063,16163816,Hyderabad
2064,16259749,Hyderabad
2065,16354132,Hyderabad
2066,16446964,Hyderabad
2067,16538250,Hyderabad
2068,16627993,Hyderabad
2069,16716196,Hyderabad
2070,16802866,Hyderabad
2011,4486679,Kolkata
2012,5632603,Kolkata
2013,6778528,Kolkata
2014,7924452,Kolkata
2015,9070377,Kolkata
2016,10216301,Kolkata
2017,11362226,Kolkata
2018,12508150,Kolkata
2019,13654075,Kolkata
2020,14800000,Kolkata
2021,14940000,Kolkata
2022,15080000,Kolkata
2023,15220000,Kolkata
2024,15360000,Kolkata
2025,15500000,Kolkata
2026,15538424,Kolkata
2027,15576731,Kolkata
2028,15614919,Kolkata
2029,15652989,Kolkata
2030,15690939,Kolkata
2031,15728770,Kolkata
2032,15766479,Kolkata
2033,15804067,Kolkata
2034,15841533,Kolkata
2035,15878877,Kolkata
2036,15916097,Kolkata
2037,15953193,Kolkata
2038,15990166,Kolkata
2039,16027013,Kolkata
2040,16063735,Kolkata
2041,16100331,Kolkata
2042,16136800,Kolkata
2043,16173143,Kolkata
2044,16209358,Kolkata
2045,16245445,Kolkata
2046,16281403,Kolkata
2047,16317233,Kolkata
2048,16352933,Kolkata
2049,16388504,Kolkata
2050,16423945,Kolkata
2051,16459254,Kolkata
2052,16494433,Kolkata
2053,16529481,Kolkata
2054,16564396,Kolkata
2055,16599180,Kolkata
2056,16633831,Kolkata
2057,16668349,Kolkata
2058,16702734,Kolkata
2059,16736985,Kolkata
2060,16771102,Kolkata
2061,16805086,Kolkata
2062,16838935,Kolkata
2063,16872649,Kolkata
2064,16906228,Kolkata
2065,16939672,Kolkata
2066,16972981,Kolkata
2067,17006154,Kolkata
2068,17039191,Kolkata
2069,17072091,Kolkata
2070,17104856,Kolkata
2011,3124458,Pune
2012,3599518,Pune
2013,4074578,Pune
2014,4549638,Pune
2015,5024698,Pune
2016,5499759,Pune
2017,5974819,Pune
2018,6449879,Pune
2019,6924939,Pune
2020,7400000,Pune
2021,7620000,Pune
2022,7840000,Pune
2023,8060000,Pune
2024,8280000,Pune
2025,8500000,Pune
2026,8600503,Pune
2027,8701147,Pune
2028,8801906,Pune
2029,8902756,Pune
2030,9003673,Pune
2031,9104633,Pune
2032,9205612,Pune
2033,9306584,Pune
2034,9407525,Pune
2035,9508411,Pune
2036,9609218,Pune
2037,9709922,Pune
2038,9810497,Pune
2039,9910921,Pune
2040,10011169,Pune
2041,10111218,Pune
2042,10211043,Pune
2043,10310622,Pune
2044,10409932,Pune
2045,10508950,Pune
2046,10607652,Pune
2047,10706018,Pune
2048,10804024,Pune
2049,10901650,Pune
2050,10998874,Pune
2051,11095674,Pune
2052,11192032,Pune
2053,11287926,Pune
2054,11383337,Pune
2055,11478245,Pune
2056,11572632,Pune
2057,11666480,Pune
2058,11759770,Pune
2059,11852485,Pune
2060,11944608,Pune
2061,12036123,Pune
2062,12127013,Pune
2063,12217264,Pune
2064,12306861,Pune
2065,12395788,Pune
2066,12484033,Pune
2067,12571582,Pune
2068,12658422,Pune
2069,12744542,Pune
2070,12829929,Pune
2011,5570585,Ahmedabad
2012,5840520,Ahmedabad
2013,6110455,Ahmedabad
2014,6380390,Ahmedabad
2015,6650325,Ahmedabad
2016,6920260,Ahmedabad
2017,7190195,Ahmedabad
2018,7460130,Ahmedabad
2019,7730065,Ahmedabad
2020,8000000,Ahmedabad
2021,8160000,Ahmedabad
2022,8320000,Ahmedabad
2023,8480000,Ahmedabad
2024,8640000,Ahmedabad
2025,8800000,Ahmedabad
2026,8851916,Ahmedabad
2027,8903662,Ahmedabad
2028,8955232,Ahmedabad
2029,9006623,Ahmedabad
2030,9057828,Ahmedabad
2031,9108843,Ahmedabad
2032,9159664,Ahmedabad
2033,9210285,Ahmedabad
2034,9260704,Ahmedabad
2035,9310914,Ahmedabad
2036,9360912,Ahmedabad
2037,9410693,Ahmedabad
2038,9460253,Ahmedabad
2039,9509589,Ahmedabad
2040,9558696,Ahmedabad
2041,9607571,Ahmedabad
2042,9656208,Ahmedabad
2043,9704606,Ahmedabad
2044,9752760,Ahmedabad
2045,9800666,Ahmedabad
2046,9848322,Ahmedabad
2047,9895723,Ahmedabad
2048,9942868,Ahmedabad
2049,9989751,Ahmedabad
2050,10036371,Ahmedabad
2051,10082724,Ahmedabad
2052,10128807,Ahmedabad
2053,10174619,Ahmedabad
2054,10220155,Ahmedabad
2055,10265413,Ahmedabad
2056,10310392,Ahmedabad
2057,10355088,Ahmedabad
2058,10399499,Ahmedabad
2059,10443622,Ahmedabad
2060,10487457,Ahmedabad
2061,10531000,Ahmedabad
2062,10574250,Ahmedabad
2063,10617205,Ahmedabad
2064,10659863,Ahmedabad
2065,10702222,Ahmedabad
2066,10744281,Ahmedabad
2067,10786038,Ahmedabad
2068,10827492,Ahmedabad
2069,10868642,Ahmedabad
2070,10909487,Ahmedabad
2011,1061447,Coimbatore
2012,1187952,Coimbatore
2013,1314458,Coimbatore
2014,1440964,Coimbatore
2015,1567470,Coimbatore
2016,1693976,Coimbatore
2017,1820482,Coimbatore
2018,1946988,Coimbatore
2019,2073494,Coimbatore
2020,2200000,Coimbatore
2021,2280000,Coimbatore
2022,2360000,Coimbatore
2023,2440000,Coimbatore
2024,2520000,Coimbatore
2025,2600000,Coimbatore
2026,2640807,Coimbatore
2027,2682027,Coimbatore
2028,2723656,Coimbatore
2029,2765692,Coimbatore
2030,2808132,Coimbatore
2031,2850970,Coimbatore
2032,2894205,Coimbatore
2033,2937830,Coimbatore
2034,2981843,Coimbatore
2035,3026238,Coimbatore
2036,3071010,Coimbatore
2037,3116155,Coimbatore
2038,3161666,Coimbatore
2039,3207539,Coimbatore
2040,3253767,Coimbatore
2041,3300343,Coimbatore
2042,3347263,Coimbatore
2043,3394518,Coimbatore
2044,3442103,Coimbatore
2045,3490010,Coimbatore
2046,3538231,Coimbatore
2047,3586758,Coimbatore
2048,3635585,Coimbatore
2049,3684703,Coimbatore
2050,3734104,Coimbatore
2051,3783779,Coimbatore
2052,3833719,Coimbatore
2053,3883915,Coimbatore
2054,3934359,Coimbatore
2055,3985040,Coimbatore
2056,4035950,Coimbatore
2057,4087078,Coimbatore
2058,4138414,Coimbatore
2059,4189950,Coimbatore
2060,4241673,Coimbatore
2061,4293574,Coimbatore
2062,4345643,Coimbatore
2063,4397867,Coimbatore
2064,4450238,Coimbatore
2065,4502743,Coimbatore
2066,4555371,Coimbatore
2067,4608112,Coimbatore
2068,4660954,Coimbatore
2069,4713885,Coimbatore
2070,4766895,Coimbatore
2011,3073350,Jaipur
2012,3187422,Jaipur
2013,3301494,Jaipur
2014,3415566,Jaipur
2015,3529638,Jaipur
2016,3643711,Jaipur
2017,3757783,Jaipur
2018,3871855,Jaipur
2019,3985927,Jaipur
2020,4100000,Jaipur
2021,4200000,Jaipur
2022,4300000,Jaipur
2023,4400000,Jaipur
2024,4500000,Jaipur
2025,4600000,Jaipur
2026,4638160,Jaipur
2027,4676261,Jaipur
2028,4714296,Jaipur
2029,4752260,Jaipur
2030,4790147,Jaipur
2031,4827951,Jaipur
2032,4865665,Jaipur
2033,4903285,Jaipur
2034,4940804,Jaipur
2035,4978217,Jaipur
2036,5015519,Jaipur
2037,5052703,Jaipur
2038,5089764,Jaipur
2039,5126697,Jaipur
2040,5163497,Jaipur
2041,5200159,Jaipur
2042,5236676,Jaipur
2043,5273045,Jaipur
2044,5309261,Jaipur
2045,5345317,Jaipur
2046,5381211,Jaipur
2047,5416936,Jaipur
2048,5452489,Jaipur
2049,5487865,Jaipur
2050,5523060,Jaipur
2051,5558069,Jaipur
2052,5592888,Jaipur
2053,5627513,Jaipur
2054,5661941,Jaipur
2055,5696166,Jaipur
2056,5730187,Jaipur
2057,5763998,Jaipur
2058,5797597,Jaipur
2059,5830980,Jaipur
2060,5864144,Jaipur
2061,5897086,Jaipur
2062,5929802,Jaipur
2063,5962290,Jaipur
2064,5994547,Jaipur
2065,6026569,Jaipur
2066,6058356,Jaipur
2067,6089903,Jaipur
2068,6121209,Jaipur
2069,6152272,Jaipur
2070,6183088,Jaipur
2011,2817105,Lucknow
2012,2926315,Lucknow
2013,3035526,Lucknow
2014,3144736,Lucknow
2015,3253947,Lucknow
2016,3363157,Lucknow
2017,3472368,Lucknow
2018,3581578,Lucknow
2019,3690789,Lucknow
2020,3800000,Lucknow
2021,3880000,Lucknow
2022,3960000,Lucknow
2023,4040000,Lucknow
2024,4120000,Lucknow
2025,4200000,Lucknow
2026,4240164,Lucknow
2027,4280448,Lucknow
2028,4320847,Lucknow
2029,4361357,Lucknow
2030,4401972,Lucknow
2031,4442687,Lucknow
2032,4483499,Lucknow
2033,4524401,Lucknow
2034,4565389,Lucknow
2035,4606459,Lucknow
2036,4647604,Lucknow
2037,4688820,Lucknow
2038,4730102,Lucknow
2039,4771445,Lucknow
2040,4812843,Lucknow
2041,4854291,Lucknow
2042,4895785,Lucknow
2043,4937318,Lucknow
2044,4978886,Lucknow
2045,5020483,Lucknow
2046,5062104,Lucknow
2047,5103744,Lucknow
2048,5145397,Lucknow
2049,5187058,Lucknow
2050,5228722,Lucknow
2051,5270383,Lucknow
2052,5312036,Lucknow
2053,5353676,Lucknow
2054,5395297,Lucknow
2055,5436894,Lucknow
2056,5478462,Lucknow
2057,5519996,Lucknow
2058,5561490,Lucknow
2059,5602938,Lucknow
2060,5644337,Lucknow
2061,5685680,Lucknow
2062,5726962,Lucknow
2063,5768178,Lucknow
2064,5809324,Lucknow
2065,5850394,Lucknow
2066,5891383,Lucknow
2067,5932285,Lucknow
2068,5973097,Lucknow
2069,6013813,Lucknow
2070,6054429,Lucknow
2011,1055450,Chandigarh
2012,1071511,Chandigarh
2013,1087572,Chandigarh
2014,1103633,Chandigarh
2015,1119694,Chandigarh
2016,1135755,Chandigarh
2017,1151816,Chandigarh
2018,1167877,Chandigarh
2019,1183938,Chandigarh
2020,1200000,Chandigarh
2021,1230000,Chandigarh
2022,1260000,Chandigarh
2023,1290000,Chandigarh
2024,1320000,Chandigarh
2025,1350000,Chandigarh
2026,1362381,Chandigarh
2027,1374840,Chandigarh
2028,1387376,Chandigarh
2029,1399990,Chandigarh
2030,1412680,Chandigarh
2031,1425447,Chandigarh
2032,1438290,Chandigarh
2033,1451209,Chandigarh
2034,1464205,Chandigarh
2035,1477275,Chandigarh
2036,1490422,Chandigarh
2037,1503643,Chandigarh
2038,1516939,Chandigarh
2039,1530309,Chandigarh
2040,1543754,Chandigarh
2041,1557272,Chandigarh
2042,1570863,Chandigarh
2043,1584527,Chandigarh
2044,1598264,Chandigarh
2045,1612073,Chandigarh
2046,1625954,Chandigarh
2047,1639905,Chandigarh
2048,1653928,Chandigarh
2049,1668021,Chandigarh
2050,1682183,Chandigarh
2051,1696415,Chandigarh
2052,1710716,Chandigarh
2053,1725085,Chandigarh
2054,1739521,Chandigarh
2055,1754025,Chandigarh
2056,1768595,Chandigarh
2057,1783231,Chandigarh
2058,1797932,Chandigarh
2059,1812698,Chandigarh
2060,1827529,Chandigarh
2061,1842422,Chandigarh
2062,1857378,Chandigarh
2063,1872396,Chandigarh
2064,1887476,Chandigarh
2065,1902616,Chandigarh
2066,1917816,Chandigarh
2067,1933075,Chandigarh
2068,1948392,Chandigarh
2069,1963767,Chandigarh
2070,1979199,Chandigarh
2011,601574,Kochi
2012,768065,Kochi
2013,934557,Kochi
2014,1101049,Kochi
2015,1267541,Kochi
2016,1434032,Kochi
2017,1600524,Kochi
2018,1767016,Kochi
2019,1933508,Kochi
2020,2100000,Kochi
2021,2160000,Kochi
2022,2220000,Kochi
2023,2280000,Kochi
2024,2340000,Kochi
2025,2400000,Kochi
2026,2426866,Kochi
2027,2453928,Kochi
2028,2481183,Kochi
2029,2508632,Kochi
2030,2536271,Kochi
2031,2564102,Kochi
2032,2592122,Kochi
2033,2620329,Kochi
2034,2648724,Kochi
2035,2677304,Kochi
2036,2706069,Kochi
2037,2735015,Kochi
2038,2764143,Kochi
2039,2793450,Kochi
2040,2822935,Kochi
2041,2852596,Kochi
2042,2882432,Kochi
2043,2912439,Kochi
2044,2942617,Kochi
2045,2972964,Kochi
2046,3003477,Kochi
2047,3034154,Kochi
2048,3064994,Kochi
2049,3095994,Kochi
2050,3127151,Kochi
2051,3158464,Kochi
2052,3189930,Kochi
2053,3221547,Kochi
2054,3253312,Kochi
2055,3285223,Kochi
2056,3317276,Kochi
2057,3349470,Kochi
2058,3381801,Kochi
2059,3414267,Kochi
2060,3446865,Kochi
2061,3479592,Kochi
2062,3512446,Kochi
2063,3545422,Kochi
2064,3578519,Kochi
2065,3611732,Kochi
2066,3645060,Kochi
2067,3678498,Kochi
2068,3712044,Kochi
2069,3745694,Kochi
2070,3779445,Kochi
2011,1964086,Indore
2012,2056965,Indore
2013,2149844,Indore
2014,2242724,Indore
2015,2335603,Indore
2016,2428482,Indore
2017,2521362,Indore
2018,2614241,Indore
2019,2707120,Indore
2020,2800000,Indore
2021,2880000,Indore
2022,2960000,Indore
2023,3040000,Indore
2024,3120000,Indore
2025,3200000,Indore
2026,3243316,Indore
2027,3286928,Indore
2028,3330830,Indore
2029,3375016,Indore
2030,3419479,Indore
2031,3464215,Indore
2032,3509215,Indore
2033,3554473,Indore
2034,3599982,Indore
2035,3645736,Indore
2036,3691726,Indore
2037,3737946,Indore
2038,3784388,Indore
2039,3831045,Indore
2040,3877907,Indore
2041,3924968,Indore
2042,3972218,Indore
2043,4019651,Indore
2044,4067256,Indore
2045,4115026,Indore
2046,4162952,Indore
2047,4211025,Indore
2048,4259235,Indore
2049,4307575,Indore
2050,4356034,Indore
2051,4404603,Indore
2052,4453274,Indore
2053,4502036,Indore
2054,4550880,Indore
2055,4599797,Indore
2056,4648776,Indore
2057,4697809,Indore
2058,4746885,Indore
2059,4795994,Indore
2060,4845127,Indore
2061,4894275,Indore
2062,4943426,Indore
2063,4992572,Indore
2064,5041703,Indore
2065,5090808,Indore
2066,5139878,Indore
2067,5188903,Indore
2068,5237874,Indore
2069,5286780,Indore
2070,5335613,Indore
2011,752490,Thiruvananthapuram
2012,854435,Thiruvananthapuram
2013,956381,Thiruvananthapuram
2014,1058326,Thiruvananthapuram
2015,1160272,Thiruvananthapuram
2016,1262217,Thiruvananthapuram
2017,1364163,Thiruvananthapuram
2018,1466108,Thiruvananthapuram
2019,1568054,Thiruvananthapuram
2020,1670000,Thiruvananthapuram
2021,1706000,Thiruvananthapuram
2022,1742000,Thiruvananthapuram
2023,1778000,Thiruvananthapuram
2024,1814000,Thiruvananthapuram
2025,1850000,Thiruvananthapuram
2026,1864132,Thiruvananthapuram
2027,1878337,Thiruvananthapuram
2028,1892617,Thiruvananthapuram
2029,1906970,Thiruvananthapuram
2030,1921396,Thiruvananthapuram
2031,1935895,Thiruvananthapuram
2032,1950467,Thiruvananthapuram
2033,1965112,Thiruvananthapuram
2034,1979829,Thiruvananthapuram
2035,1994619,Thiruvananthapuram
2036,2009481,Thiruvananthapuram
2037,2024415,Thiruvananthapuram
2038,2039420,Thiruvananthapuram
2039,2054497,Thiruvananthapuram
2040,2069645,Thiruvananthapuram
2041,2084864,Thiruvananthapuram
2042,2100154,Thiruvananthapuram
2043,2115514,Thiruvananthapuram
2044,2130945,Thiruvananthapuram
2045,2146445,Thiruvananthapuram
2046,2162015,Thiruvananthapuram
2047,2177653,Thiruvananthapuram
2048,2193361,Thiruvananthapuram
2049,2209137,Thiruvananthapuram
2050,2224982,Thiruvananthapuram
2051,2240894,Thiruvananthapuram
2052,2256874,Thiruvananthapuram
2053,2272921,Thiruvananthapuram
2054,2289035,Thiruvananthapuram
2055,2305215,Thiruvananthapuram
2056,2321460,Thiruvananthapuram
2057,2337772,Thiruvananthapuram
2058,2354148,Thiruvananthapuram
2059,2370590,Thiruvananthapuram
2060,2387095,Thiruvananthapuram
2061,2403664,Thiruvananthapuram
2062,2420296,Thiruvananthapuram
2063,2436992,Thiruvananthapuram
2064,2453749,Thiruvananthapuram
2065,2470569,Thiruvananthapuram
2066,2487450,Thiruvananthapuram
2067,2504391,Thiruvananthapuram
2068,2521393,Thiruvananthapuram
2069,2538455,Thiruvananthapuram
2070,2555576,Thiruvananthapuram
2011,1730320,Visakhapatnam
2012,1782506,Visakhapatnam
2013,1834693,Visakhapatnam
2014,1886880,Visakhapatnam
2015,1939066,Visakhapatnam
2016,1991253,Visakhapatnam
2017,2043440,Visakhapatnam
2018,2095626,Visakhapatnam
2019,2147813,Visakhapatnam
2020,2200000,Visakhapatnam
2021,2260000,Visakhapatnam
2022,2320000,Visakhapatnam
2023,2380000,Visakhapatnam
2024,2440000,Visakhapatnam
2025,2500000,Visakhapatnam
2026,2533883,Visakhapatnam
2027,2568000,Visakhapatnam
2028,2602344,Visakhapatnam
2029,2636912,Visakhapatnam
2030,2671698,Visakhapatnam
2031,2706698,Visakhapatnam
2032,2741906,Visakhapatnam
2033,2777317,Visakhapatnam
2034,2812927,Visakhapatnam
2035,2848728,Visakhapatnam
2036,2884717,Visakhapatnam
2037,2920886,Visakhapatnam
2038,2957230,Visakhapatnam
2039,2993743,Visakhapatnam
2040,3030419,Visakhapatnam
2041,3067252,Visakhapatnam
2042,3104235,Visakhapatnam
2043,3141361,Visakhapatnam
2044,3178624,Visakhapatnam
2045,3216017,Visakhapatnam
2046,3253533,Visakhapatnam
2047,3291166,Visakhapatnam
2048,3328909,Visakhapatnam
2049,3366753,Visakhapatnam
2050,3404693,Visakhapatnam
2051,3442721,Visakhapatnam
2052,3480829,Visakhapatnam
2053,3519010,Visakhapatnam
2054,3557257,Visakhapatnam
2055,3595563,Visakhapatnam
2056,3633919,Visakhapatnam
2057,3672318,Visakhapatnam
2058,3710752,Visakhapatnam
2059,3749214,Visakhapatnam
2060,3787697,Visakhapatnam
2061,3826191,Visakhapatnam
2062,3864691,Visakhapatnam
2063,3903188,Visakhapatnam
2064,3941674,Visakhapatnam
2065,3980142,Visakhapatnam
2066,4018583,Visakhapatnam
2067,4056991,Visakhapatnam
2068,4095358,Visakhapatnam
2069,4133676,Visakhapatnam
2070,4171938,Visakhapatnam
2011,920550,Mysuru
2012,951600,Mysuru
2013,982650,Mysuru
2014,1013700,Mysuru
2015,1044750,Mysuru
2016,1075800,Mysuru
2017,1106850,Mysuru
2018,1137900,Mysuru
2019,1168950,Mysuru
2020,1200000,Mysuru
2021,1230000,Mysuru
2022,1260000,Mysuru
2023,1290000,Mysuru
2024,1320000,Mysuru
2025,1350000,Mysuru
2026,1370568,Mysuru
2027,1391389,Mysuru
2028,1412464,Mysuru
2029,1433794,Mysuru
2030,1455379,Mysuru
2031,1477222,Mysuru
2032,1499323,Mysuru
2033,1521683,Mysuru
2034,1544303,Mysuru
2035,1567183,Mysuru
2036,1590325,Mysuru
2037,1613730,Mysuru
2038,1637397,Mysuru
2039,1661328,Mysuru
2040,1685523,Mysuru
2041,1709982,Mysuru
2042,1734705,Mysuru
2043,1759694,Mysuru
2044,1784947,Mysuru
2045,1810466,Mysuru
2046,1836250,Mysuru
2047,1862299,Mysuru
2048,1888612,Mysuru
2049,1915191,Mysuru
2050,1942033,Mysuru
2051,1969140,Mysuru
2052,1996510,Mysuru
2053,2024142,Mysuru
2054,2052036,Mysuru
2055,2080191,Mysuru
2056,2108606,Mysuru
2057,2137281,Mysuru
2058,2166213,Mysuru
2059,2195401,Mysuru
2060,2224845,Mysuru
2061,2254543,Mysuru
2062,2284493,Mysuru
2063,2314694,Mysuru
2064,2345143,Mysuru
2065,2375839,Mysuru
2066,2406780,Mysuru
2067,2437964,Mysuru
2068,2469388,Mysuru
2069,2501050,Mysuru
2070,2532947,Mysuru
2011,1670806,Vadodara
2012,1729605,Vadodara
2013,1788404,Vadodara
2014,1847204,Vadodara
2015,1906003,Vadodara
2016,1964802,Vadodara
2017,2023602,Vadodara
2018,2082401,Vadodara
2019,2141200,Vadodara
2020,2200000,Vadodara
2021,2260000,Vadodara
2022,2320000,Vadodara
2023,2380000,Vadodara
2024,2440000,Vadodara
2025,2500000,Vadodara
2026,2530806,Vadodara
2027,2561875,Vadodara
2028,2593204,Vadodara
2029,2624793,Vadodara
2030,2656641,Vadodara
2031,2688747,Vadodara
2032,2721110,Vadodara
2033,2753729,Vadodara
2034,2786604,Vadodara
2035,2819731,Vadodara
2036,2853112,Vadodara
2037,2886743,Vadodara
2038,2920623,Vadodara
2039,2954751,Vadodara
2040,2989125,Vadodara
2041,3023744,Vadodara
2042,3058604,Vadodara
2043,3093706,Vadodara
2044,3129046,Vadodara
2045,3164622,Vadodara
2046,3200432,Vadodara
2047,3236473,Vadodara
2048,3272745,Vadodara
2049,3309243,Vadodara
2050,3345965,Vadodara
2051,3382909,Vadodara
2052,3420072,Vadodara
2053,3457450,Vadodara
2054,3495042,Vadodara
2055,3532844,Vadodara
2056,3570853,Vadodara
2057,3609065,Vadodara
2058,3647478,Vadodara
2059,3686088,Vadodara
2060,3724892,Vadodara
2061,3763886,Vadodara
2062,3803066,Vadodara
2063,3842428,Vadodara
2064,3881970,Vadodara
2065,3921687,Vadodara
2066,3961575,Vadodara
2067,4001630,Vadodara
2068,4041848,Vadodara
2069,4082225,Vadodara
2070,4122756,Vadodara
2011,837737,Bhubaneswar
2012,866877,Bhubaneswar
2013,896017,Bhubaneswar
2014,925158,Bhubaneswar
2015,954298,Bhubaneswar
2016,983438,Bhubaneswar
2017,1012579,Bhubaneswar
2018,1041719,Bhubaneswar
2019,1070859,Bhubaneswar
2020,1100000,Bhubaneswar
2021,1140000,Bhubaneswar
2022,1180000,Bhubaneswar
2023,1220000,Bhubaneswar
2024,1260000,Bhubaneswar
2025,1300000,Bhubaneswar
2026,1325433,Bhubaneswar
2027,1351216,Bhubaneswar
2028,1377347,Bhubaneswar
2029,1403825,Bhubaneswar
2030,1430648,Bhubaneswar
2031,1457816,Bhubaneswar
2032,1485326,Bhubaneswar
2033,1513175,Bhubaneswar
2034,1541361,Bhubaneswar
2035,1569882,Bhubaneswar
2036,1598733,Bhubaneswar
2037,1627913,Bhubaneswar
2038,1657417,Bhubaneswar
2039,1687241,Bhubaneswar
2040,1717381,Bhubaneswar
2041,1747832,Bhubaneswar
2042,1778591,Bhubaneswar
2043,1809651,Bhubaneswar
2044,1841007,Bhubaneswar
2045,1872653,Bhubaneswar
2046,1904584,Bhubaneswar
2047,1936793,Bhubaneswar
2048,1969275,Bhubaneswar
2049,2002021,Bhubaneswar
2050,2035024,Bhubaneswar
2051,2068279,Bhubaneswar
2052,2101776,Bhubaneswar
2053,2135508,Bhubaneswar
2054,2169466,Bhubaneswar
2055,2203643,Bhubaneswar
2056,2238030,Bhubaneswar
2057,2272617,Bhubaneswar
2058,2307396,Bhubaneswar
2059,2342357,Bhubaneswar
2060,2377491,Bhubaneswar
2061,2412788,Bhubaneswar
2062,2448237,Bhubaneswar
2063,2483830,Bhubaneswar
2064,2519554,Bhubaneswar
2065,2555401,Bhubaneswar
2066,2591359,Bhubaneswar
2067,2627418,Bhubaneswar
2068,2663566,Bhubaneswar
2069,2699793,Bhubaneswar
2070,2736087,Bhubaneswar
2011,4467000,Surat
2012,4615111,Surat
2013,4763222,Surat
2014,4911333,Surat
2015,5059444,Surat
2016,5207555,Surat
2017,5355666,Surat
2018,5503777,Surat
2019,5651888,Surat
2020,5800000,Surat
2021,5980000,Surat
2022,6160000,Surat
2023,6340000,Surat
2024,6520000,Surat
2025,6700000,Surat
2026,6822245,Surat
2027,6944970,Surat
2028,7068113,Surat
2029,7191613,Surat
2030,7315409,Surat
2031,7439438,Surat
2032,7563636,Surat
2033,7687942,Surat
2034,7812290,Surat
2035,7936618,Surat
2036,8060861,Surat
2037,8184957,Surat
2038,8308842,Surat
2039,8432454,Surat
2040,8555730,Surat
2041,8678608,Surat
2042,8801029,Surat
2043,8922933,Surat
2044,9044260,Surat
2045,9164953,Surat
2046,9284956,Surat
2047,9404214,Surat
2048,9522674,Surat
2049,9640282,Surat
2050,9756990,Surat
2051,9872747,Surat
2052,9987508,Surat
2053,10101226,Surat
2054,10213860,Surat
2055,10325366,Surat
2056,10435707,Surat
2057,10544844,Surat
2058,10652743,Surat
2059,10759369,Surat
2060,10864692,Surat
2061,10968682,Surat
2062,11071313,Surat
2063,11172559,Surat
2064,11272397,Surat
2065,11370807,Surat
2066,11467770,Surat
2067,11563268,Surat
2068,11657288,Surat
2069,11749815,Surat
2070,11840840,Surat
2011,244377,Pondicherry
2012,251668,Pondicherry
2013,258959,Pondicherry
2014,266251,Pondicherry
2015,273542,Pondicherry
2016,280834,Pondicherry
2017,288125,Pondicherry
2018,295417,Pondicherry
2019,302708,Pondicherry
2020,310000,Pondicherry
2021,318000,Pondicherry
2022,326000,Pondicherry
2023,334000,Pondicherry
2024,342000,Pondicherry
2025,350000,Pondicherry
2026,354163,Pondicherry
2027,358362,Pondicherry
2028,362597,Pondicherry
2029,366868,Pondicherry
2030,371175,Pondicherry
2031,375519,Pondicherry
2032,379897,Pondicherry
2033,384312,Pondicherry
2034,388763,Pondicherry
2035,393249,Pondicherry
2036,397771,Pondicherry
2037,402328,Pondicherry
2038,406921,Pondicherry
2039,411549,Pondicherry
2040,416212,Pondicherry
2041,420911,Pondicherry
2042,425644,Pondicherry
2043,430412,Pondicherry
2044,435215,Pondicherry
2045,440052,Pondicherry
2046,444923,Pondicherry
2047,449829,Pondicherry
2048,454768,Pondicherry
2049,459741,Pondicherry
2050,464748,Pondicherry
2051,469788,Pondicherry
2052,474861,Pondicherry
2053,479966,Pondicherry
2054,485104,Pondicherry
2055,490275,Pondicherry
2056,495477,Pondicherry
2057,500711,Pondicherry
2058,505976,Pondicherry
2059,511272,Pondicherry
2060,516599,Pondicherry
2061,521956,Pondicherry
2062,527343,Pondicherry
2063,532760,Pondicherry
2064,538206,Pondicherry
2065,543681,Pondicherry
2066,549185,Pondicherry
2067,554717,Pondicherry
2068,560276,Pondicherry
2069,565863,Pondicherry
2070,571476,Pondicherry
2011,114405,Panaji
2012,116137,Panaji
2013,117870,Panaji
2014,119603,Panaji
2015,121336,Panaji
2016,123068,Panaji
2017,124801,Panaji
2018,126534,Panaji
2019,128267,Panaji
2020,130000,Panaji
2021,133000,Panaji
2022,136000,Panaji
2023,139000,Panaji
2024,142000,Panaji
2025,145000,Panaji
2026,146423,Panaji
2027,147857,Panaji
2028,149301,Panaji
2029,150757,Panaji
2030,152223,Panaji
2031,153700,Panaji
2032,155187,Panaji
2033,156686,Panaji
2034,158195,Panaji
2035,159716,Panaji
2036,161247,Panaji
2037,162789,Panaji
2038,164341,Panaji
2039,165905,Panaji
2040,167479,Panaji
2041,169065,Panaji
2042,170661,Panaji
2043,172268,Panaji
2044,173886,Panaji
2045,175514,Panaji
2046,177154,Panaji
2047,178804,Panaji
2048,180465,Panaji
2049,182137,Panaji
2050,183820,Panaji
2051,185513,Panaji
2052,187217,Panaji
2053,188932,Panaji
2054,190657,Panaji
2055,192393,Panaji
2056,194140,Panaji
2057,195897,Panaji
2058,197665,Panaji
2059,199444,Panaji
2060,201233,Panaji
2061,203032,Panaji
2062,204842,Panaji
2063,206662,Panaji
2064,208493,Panaji
2065,210334,Panaji
2066,212185,Panaji
2067,214046,Panaji
2068,215918,Panaji
2069,217799,Panaji
2070,219691,Panaji
2011,578420,Dehradun
2012,594151,Dehradun
2013,609882,Dehradun
2014,625613,Dehradun
2015,641344,Dehradun
2016,657075,Dehradun
2017,672806,Dehradun
2018,688537,Dehradun
2019,704268,Dehradun
2020,720000,Dehradun
2021,740000,Dehradun
2022,760000,Dehradun
2023,780000,Dehradun
2024,800000,Dehradun
2025,820000,Dehradun
2026,833891,Dehradun
2027,847971,Dehradun
2028,862242,Dehradun
2029,876705,Dehradun
2030,891359,Dehradun
2031,906207,Dehradun
2032,921249,Dehradun
2033,936486,Dehradun
2034,951919,Dehradun
2035,967547,Dehradun
2036,983372,Dehradun
2037,999394,Dehradun
2038,1015614,Dehradun
2039,1032033,Dehradun
2040,1048649,Dehradun
2041,1065464,Dehradun
2042,1082478,Dehradun
2043,1099690,Dehradun
2044,1117102,Dehradun
2045,1134712,Dehradun
2046,1152520,Dehradun
2047,1170527,Dehradun
2048,1188733,Dehradun
2049,1207135,Dehradun
2050,1225735,Dehradun
2051,1244531,Dehradun
2052,1263523,Dehradun
2053,1282710,Dehradun
2054,1302092,Dehradun
2055,1321666,Dehradun
2056,1341432,Dehradun
2057,1361390,Dehradun
2058,1381537,Dehradun
2059,1401872,Dehradun
2060,1422395,Dehradun
2061,1443102,Dehradun
2062,1463993,Dehradun
2063,1485066,Dehradun
2064,1506319,Dehradun
2065,1527749,Dehradun
2066,1549356,Dehradun
2067,1571136,Dehradun
2068,1593087,Dehradun
2069,1615208,Dehradun
2070,1637494,Dehradun
2011,88430,Ooty
2012,89160,Ooty
2013,89890,Ooty
2014,90620,Ooty
2015,91350,Ooty
2016,92080,Ooty
2017,92810,Ooty
2018,93540,Ooty
2019,94270,Ooty
2020,95000,Ooty
2021,96000,Ooty
2022,97000,Ooty
2023,98000,Ooty
2024,99000,Ooty
2025,100000,Ooty
2026,100653,Ooty
2027,101310,Ooty
2028,101970,Ooty
2029,102633,Ooty
2030,103300,Ooty
2031,103970,Ooty
2032,104643,Ooty
2033,105320,Ooty
2034,106000,Ooty
2035,106683,Ooty
2036,107369,Ooty
2037,108059,Ooty
2038,108752,Ooty
2039,109449,Ooty
2040,110149,Ooty
2041,110852,Ooty
2042,111558,Ooty
2043,112268,Ooty
2044,112981,Ooty
2045,113697,Ooty
2046,114417,Ooty
2047,115140,Ooty
2048,115866,Ooty
2049,116596,Ooty
2050,117329,Ooty
2051,118066,Ooty
2052,118805,Ooty
2053,119548,Ooty
2054,120295,Ooty
2055,121044,Ooty
2056,121797,Ooty
2057,122553,Ooty
2058,123313,Ooty
2059,124076,Ooty
2060,124842,Ooty
2061,125612,Ooty
2062,126384,Ooty
2063,127160,Ooty
2064,127940,Ooty
2065,128722,Ooty
2066,129508,Ooty
2067,130298,Ooty
2068,131090,Ooty
2069,131886,Ooty
2070,132685,Ooty
2011,36501,Kodaikanal
2012,37112,Kodaikanal
2013,37723,Kodaikanal
2014,38334,Kodaikanal
2015,38945,Kodaikanal
2016,39556,Kodaikanal
2017,40167,Kodaikanal
2018,40778,Kodaikanal
2019,41389,Kodaikanal
2020,42000,Kodaikanal
2021,42600,Kodaikanal
2022,43200,Kodaikanal
2023,43800,Kodaikanal
2024,44400,Kodaikanal
2025,45000,Kodaikanal
2026,45324,Kodaikanal
2027,45649,Kodaikanal
2028,45977,Kodaikanal
2029,46306,Kodaikanal
2030,46637,Kodaikanal
2031,46970,Kodaikanal
2032,47304,Kodaikanal
2033,47640,Kodaikanal
2034,47978,Kodaikanal
2035,48318,Kodaikanal
2036,48659,Kodaikanal
2037,49003,Kodaikanal
2038,49347,Kodaikanal
2039,49694,Kodaikanal
2040,50042,Kodaikanal
2041,50393,Kodaikanal
2042,50744,Kodaikanal
2043,51098,Kodaikanal
2044,51453,Kodaikanal
2045,51810,Kodaikanal
2046,52169,Kodaikanal
2047,52529,Kodaikanal
2048,52891,Kodaikanal
2049,53255,Kodaikanal
2050,53621,Kodaikanal
2051,53988,Kodaikanal
2052,54357,Kodaikanal
2053,54728,Kodaikanal
2054,55100,Kodaikanal
2055,55474,Kodaikanal
2056,55850,Kodaikanal
2057,56227,Kodaikanal
2058,56607,Kodaikanal
2059,56987,Kodaikanal
2060,57370,Kodaikanal
2061,57754,Kodaikanal
2062,58140,Kodaikanal
2063,58527,Kodaikanal
2064,58917,Kodaikanal
2065,59307,Kodaikanal
2066,59700,Kodaikanal
2067,60094,Kodaikanal
2068,60490,Kodaikanal
2069,60887,Kodaikanal
2070,61286,Kodaikanal
2011,30000,Munnar
2012,30555,Munnar
2013,31111,Munnar
2014,31666,Munnar
2015,32222,Munnar
2016,32777,Munnar
2017,33333,Munnar
2018,33888,Munnar
2019,34444,Munnar
2020,35000,Munnar
2021,35600,Munnar
2022,36200,Munnar
2023,36800,Munnar
2024,37400,Munnar
2025,38000,Munnar
2026,38296,Munnar
2027,38594,Munnar
2028,38894,Munnar
2029,39195,Munnar
2030,39498,Munnar
2031,39802,Munnar
2032,40109,Munnar
2033,40416,Munnar
2034,40726,Munnar
2035,41037,Munnar
2036,41350,Munnar
2037,41664,Munnar
2038,41980,Munnar
2039,42297,Munnar
2040,42617,Munnar
2041,42937,Munnar
2042,43260,Munnar
2043,43584,Munnar
2044,43909,Munnar
2045,44236,Munnar
2046,44565,Munnar
2047,44895,Munnar
2048,45227,Munnar
2049,45561,Munnar
2050,45896,Munnar
2051,46232,Munnar
2052,46570,Munnar
2053,46910,Munnar
2054,47251,Munnar
2055,47594,Munnar
2056,47938,Munnar
2057,48284,Munnar
2058,48631,Munnar
2059,48980,Munnar
2060,49330,Munnar
2061,49682,Munnar
2062,50035,Munnar
2063,50390,Munnar
2064,50746,Munnar
2065,51103,Munnar
2066,51462,Munnar
2067,51823,Munnar
2068,52185,Munnar
2069,52548,Munnar
2070,52913,Munnar
2011,554762,Coorg
2012,559788,Coorg
2013,564814,Coorg
2014,569841,Coorg
2015,574867,Coorg
2016,579894,Coorg
2017,584920,Coorg
2018,589947,Coorg
2019,594973,Coorg
2020,600000,Coorg
2021,606000,Coorg
2022,612000,Coorg
2023,618000,Coorg
2024,624000,Coorg
2025,630000,Coorg
2026,633526,Coorg
2027,637067,Coorg
2028,640623,Coorg
2029,644193,Coorg
2030,647779,Coorg
2031,651378,Coorg
2032,654993,Coorg
2033,658622,Coorg
2034,662266,Coorg
2035,665925,Coorg
2036,669599,Coorg
2037,673287,Coorg
2038,676989,Coorg
2039,680707,Coorg
2040,684439,Coorg
2041,688186,Coorg
2042,691948,Coorg
2043,695724,Coorg
2044,699515,Coorg
2045,703320,Coorg
2046,707141,Coorg
2047,710975,Coorg
2048,714825,Coorg
2049,718689,Coorg
2050,722568,Coorg
2051,726461,Coorg
2052,730369,Coorg
2053,734291,Coorg
2054,738228,Coorg
2055,742180,Coorg
2056,746146,Coorg
2057,750127,Coorg
2058,754122,Coorg
2059,758131,Coorg
2060,762155,Coorg
2061,766194,Coorg
2062,770247,Coorg
2063,774314,Coorg
2064,778395,Coorg
2065,782491,Coorg
2066,786601,Coorg
2067,790726,Coorg
2068,794865,Coorg
2069,799018,Coorg
2070,803185,Coorg
2011,817420,Wayanad
2012,824373,Wayanad
2013,831326,Wayanad
2014,838280,Wayanad
2015,845233,Wayanad
2016,852186,Wayanad
2017,859140,Wayanad
2018,866093,Wayanad
2019,873046,Wayanad
2020,880000,Wayanad
2021,888000,Wayanad
2022,896000,Wayanad
2023,904000,Wayanad
2024,912000,Wayanad
2025,920000,Wayanad
2026,925737,Wayanad
2027,931499,Wayanad
2028,937287,Wayanad
2029,943101,Wayanad
2030,948939,Wayanad
2031,954804,Wayanad
2032,960693,Wayanad
2033,966608,Wayanad
2034,972548,Wayanad
2035,978513,Wayanad
2036,984504,Wayanad
2037,990519,Wayanad
2038,996560,Wayanad
2039,1002626,Wayanad
2040,1008717,Wayanad
2041,1014833,Wayanad
2042,1020974,Wayanad
2043,1027140,Wayanad
2044,1033331,Wayanad
2045,1039547,Wayanad
2046,1045787,Wayanad
2047,1052053,Wayanad
2048,1058342,Wayanad
2049,1064657,Wayanad
2050,1070996,Wayanad
2051,1077360,Wayanad
2052,1083748,Wayanad
2053,1090161,Wayanad
2054,1096598,Wayanad
2055,1103059,Wayanad
2056,1109544,Wayanad
2057,1116054,Wayanad
2058,1122587,Wayanad
2059,1129145,Wayanad
2060,1135726,Wayanad
2061,1142331,Wayanad
2062,1148960,Wayanad
2063,1155613,Wayanad
2064,1162289,Wayanad
2065,1168989,Wayanad
2066,1175711,Wayanad
2067,1182458,Wayanad
2068,1189227,Wayanad
2069,1196020,Wayanad
2070,1202835,Wayanad
2011,169578,Shimla
2012,172402,Shimla
2013,175227,Shimla
2014,178052,Shimla
2015,180876,Shimla
2016,183701,Shimla
2017,186526,Shimla
2018,189350,Shimla
2019,192175,Shimla
2020,195000,Shimla
2021,198000,Shimla
2022,201000,Shimla
2023,204000,Shimla
2024,207000,Shimla
2025,210000,Shimla
2026,211716,Shimla
2027,213443,Shimla
2028,215181,Shimla
2029,216930,Shimla
2030,218690,Shimla
2031,220461,Shimla
2032,222242,Shimla
2033,224034,Shimla
2034,225838,Shimla
2035,227652,Shimla
2036,229477,Shimla
2037,231312,Shimla
2038,233159,Shimla
2039,235017,Shimla
2040,236885,Shimla
2041,238765,Shimla
2042,240655,Shimla
2043,242557,Shimla
2044,244469,Shimla
2045,246392,Shimla
2046,248326,Shimla
2047,250271,Shimla
2048,252227,Shimla
2049,254193,Shimla
2050,256171,Shimla
2051,258159,Shimla
2052,260159,Shimla
2053,262169,Shimla
2054,264190,Shimla
2055,266222,Shimla
2056,268264,Shimla
2057,270318,Shimla
2058,272382,Shimla
2059,274457,Shimla
2060,276543,Shimla
2061,278639,Shimla
2062,280746,Shimla
2063,282864,Shimla
2064,284992,Shimla
2065,287131,Shimla
2066,289281,Shimla
2067,291441,Shimla
2068,293611,Shimla
2069,295793,Shimla
2070,297984,Shimla
2011,8096,Manali
2012,8529,Manali
2013,8963,Manali
2014,9397,Manali
2015,9831,Manali
2016,10264,Manali
2017,10698,Manali
2018,11132,Manali
2019,11566,Manali
2020,12000,Manali
2021,12600,Manali
2022,13200,Manali
2023,13800,Manali
2024,14400,Manali
2025,15000,Manali
2026,15412,Manali
2027,15832,Manali
2028,16260,Manali
2029,16696,Manali
2030,17140,Manali
2031,17591,Manali
2032,18050,Manali
2033,18517,Manali
2034,18991,Manali
2035,19472,Manali
2036,19961,Manali
2037,20456,Manali
2038,20959,Manali
2039,21468,Manali
2040,21983,Manali
2041,22505,Manali
2042,23033,Manali
2043,23567,Manali
2044,24107,Manali
2045,24652,Manali
2046,25202,Manali
2047,25757,Manali
2048,26317,Manali
2049,26881,Manali
2050,27449,Manali
2051,28021,Manali
2052,28597,Manali
2053,29175,Manali
2054,29756,Manali
2055,30340,Manali
2056,30925,Manali
2057,31512,Manali
2058,32101,Manali
2059,32691,Manali
2060,33281,Manali
2061,33872,Manali
2062,34462,Manali
2063,35052,Manali
2064,35642,Manali
2065,36230,Manali
2066,36816,Manali
2067,37401,Manali
2068,37984,Manali
2069,38564,Manali
2070,39141,Manali
2011,41377,Nainital
2012,42112,Nainital
2013,42848,Nainital
2014,43584,Nainital
2015,44320,Nainital
2016,45056,Nainital
2017,45792,Nainital
2018,46528,Nainital
2019,47264,Nainital
2020,48000,Nainital
2021,48800,Nainital
2022,49600,Nainital
2023,50400,Nainital
2024,51200,Nainital
2025,52000,Nainital
2026,52499,Nainital
2027,53003,Nainital
2028,53509,Nainital
2029,54020,Nainital
2030,54534,Nainital
2031,55051,Nainital
2032,55572,Nainital
2033,56097,Nainital
2034,56625,Nainital
2035,57157,Nainital
2036,57692,Nainital
2037,58231,Nainital
2038,58774,Nainital
2039,59320,Nainital
2040,59869,Nainital
2041,60423,Nainital
2042,60979,Nainital
2043,61539,Nainital
2044,62103,Nainital
2045,62670,Nainital
2046,63241,Nainital
2047,63815,Nainital
2048,64393,Nainital
2049,64974,Nainital
2050,65559,Nainital
2051,66147,Nainital
2052,66738,Nainital
2053,67333,Nainital
2054,67931,Nainital
2055,68533,Nainital
2056,69138,Nainital
2057,69747,Nainital
2058,70359,Nainital
2059,70974,Nainital
2060,71592,Nainital
2061,72214,Nainital
2062,72839,Nainital
2063,73468,Nainital
2064,74099,Nainital
2065,74734,Nainital
2066,75372,Nainital
2067,76013,Nainital
2068,76658,Nainital
2069,77305,Nainital
2070,77956,Nainital
2011,30118,Mussoorie
2012,30660,Mussoorie
2013,31202,Mussoorie
2014,31745,Mussoorie
2015,32287,Mussoorie
2016,32830,Mussoorie
2017,33372,Mussoorie
2018,33915,Mussoorie
2019,34457,Mussoorie
2020,35000,Mussoorie
2021,35600,Mussoorie
2022,36200,Mussoorie
2023,36800,Mussoorie
2024,37400,Mussoorie
2025,38000,Mussoorie
2026,38304,Mussoorie
2027,38610,Mussoorie
2028,38917,Mussoorie
2029,39227,Mussoorie
2030,39538,Mussoorie
2031,39851,Mussoorie
2032,40166,Mussoorie
2033,40483,Mussoorie
2034,40802,Mussoorie
2035,41122,Mussoorie
2036,41445,Mussoorie
2037,41769,Mussoorie
2038,42094,Mussoorie
2039,42422,Mussoorie
2040,42751,Mussoorie
2041,43083,Mussoorie
2042,43416,Mussoorie
2043,43751,Mussoorie
2044,44087,Mussoorie
2045,44426,Mussoorie
2046,44766,Mussoorie
2047,45108,Mussoorie
2048,45452,Mussoorie
2049,45797,Mussoorie
2050,46145,Mussoorie
2051,46494,Mussoorie
2052,46845,Mussoorie
2053,47197,Mussoorie
2054,47552,Mussoorie
2055,47908,Mussoorie
2056,48266,Mussoorie
2057,48626,Mussoorie
2058,48987,Mussoorie
2059,49350,Mussoorie
2060,49715,Mussoorie
2061,50082,Mussoorie
2062,50450,Mussoorie
2063,50820,Mussoorie
2064,51192,Mussoorie
2065,51565,Mussoorie
2066,51940,Mussoorie
2067,52317,Mussoorie
2068,52696,Mussoorie
2069,53076,Mussoorie
2070,53458,Mussoorie
2011,132016,Darjeeling
2012,132903,Darjeeling
2013,133790,Darjeeling
2014,134677,Darjeeling
2015,135564,Darjeeling
2016,136451,Darjeeling
2017,137338,Darjeeling
2018,138225,Darjeeling
2019,139112,Darjeeling
2020,140000,Darjeeling
2021,141000,Darjeeling
2022,142000,Darjeeling
2023,143000,Darjeeling
2024,144000,Darjeeling
2025,145000,Darjeeling
2026,145564,Darjeeling
2027,146130,Darjeeling
2028,146698,Darjeeling
2029,147268,Darjeeling
2030,147839,Darjeeling
2031,148411,Darjeeling
2032,148985,Darjeeling
2033,149561,Darjeeling
2034,150138,Darjeeling
2035,150717,Darjeeling
2036,151297,Darjeeling
2037,151879,Darjeeling
2038,152462,Darjeeling
2039,153047,Darjeeling
2040,153634,Darjeeling
2041,154222,Darjeeling
2042,154811,Darjeeling
2043,155403,Darjeeling
2044,155995,Darjeeling
2045,156590,Darjeeling
2046,157185,Darjeeling
2047,157783,Darjeeling
2048,158382,Darjeeling
2049,158982,Darjeeling
2050,159584,Darjeeling
2051,160188,Darjeeling
2052,160793,Darjeeling
2053,161399,Darjeeling
2054,162008,Darjeeling
2055,162617,Darjeeling
2056,163228,Darjeeling
2057,163841,Darjeeling
2058,164455,Darjeeling
2059,165071,Darjeeling
2060,165689,Darjeeling
2061,166307,Darjeeling
2062,166928,Darjeeling
2063,167550,Darjeeling
2064,168173,Darjeeling
2065,168798,Darjeeling
2066,169424,Darjeeling
2067,170052,Darjeeling
2068,170682,Darjeeling
2069,171313,Darjeeling
2070,171945,Darjeeling
